{
  "project_info": {
    "project_number": "837954599306",
    "firebase_url": "https://eventhub-5ecec.firebaseio.com",
    "project_id": "eventhub-5ecec",
    "storage_bucket": "eventhub-5ecec.appspot.com"
  },
  "client": [
    {
      "client_info": {
        "mobilesdk_app_id": "1:837954599306:android:74e3b9e51454410a",
        "android_client_info": {
          "package_name": "com.example.eventhub"
        }
      },
      "oauth_client": [
        {
          "client_id": "837954599306-9imou7jk86mua3t64hil36eal5h1gvcg.apps.googleusercontent.com",
          "client_type": 1,
          "android_info": {
            "package_name": "com.example.eventhub",
            "certificate_hash": "6fb1cb96d65d7adedd6275c13b9d4c411d3dca08"
          }
        },
        {
          "client_id": "837954599306-sqna5veer4p9pujlf9lv0jtd9gii0kgl.apps.googleusercontent.com",
          "client_type": 3
        }
      ],
      "api_key": [
        {
          "current_key": "AIzaSyB6clgeUiTlbKo-ADW0BUJr837twIIkmxI"
        }
      ],
      "services": {
        "appinvite_service": {
          "other_platform_oauth_client": [
            {
              "client_id": "837954599306-sqna5veer4p9pujlf9lv0jtd9gii0kgl.apps.googleusercontent.com",
              "client_type": 3
            }
          ]
        }
      }
    }
  ],
  "configuration_version": "1"
}